"",""
"",""
"",""
"",""
"",""
"",""
"",""
"",""
"",""
"",""
"",""
"",""
"",""
"",""
"",""
"",""
"",""
"",""
"",""
"",""
"",""
"",""
"",""
"",""
"",""
"",""
"",""
"",""
"",""
"",""
"",""
"",""
"",""
"",""
"",""
"",""
"",""
"",""
"",""
"",""
"",""
"",""
"",""
"",""
"",""
"",""
"",""
"",""
"",""
"",""
"",""
"",""
"",""
"",""
"",""
"",""
"",""
"",""
"",""
"",""
"",""
"",""
"",""
"",""
"",""
"",""
"",""
"",""
"",""
"",""
"",""
"",""
"",""
"",""
"",""
"",""
"",""
"",""
"",""
"",""
"",""
"",""
"",""
"",""
"",""
"",""
"",""
"",""
"",""
"",""
"",""
"",""
"",""
"",""
"",""
"",""
"",""
"",""
"",""
"",""
"",""
"",""
"",""
"",""
"TEXT_24_C669B6D2463B2D1232AD4DBFD3C8D513_1","Main2261"
"TEXT_24_C669B6D2463B2D1232AD4DBFD3C8D513_2","13_TEXT"
"TEXT_24_C669B6D2463B2D1232AD4DBFD3C8D513_3","「呼……不知不觉间，都已经快到出口了」"
"",""
"",""
"",""
"",""
"",""
"",""
"",""
"",""
"TEXT_24_C669B6D2463B2D1232AD4DBFD3C8D513_1","Main2261"
"TEXT_24_C669B6D2463B2D1232AD4DBFD3C8D513_2","14_TEXT"
"TEXT_24_C669B6D2463B2D1232AD4DBFD3C8D513_3","「您现在感觉如何？冷静下来了吗？」"
"",""
"",""
"",""
"",""
"",""
"",""
"",""
"",""
"TEXT_24_C669B6D2463B2D1232AD4DBFD3C8D513_1","Main2261"
"TEXT_24_C669B6D2463B2D1232AD4DBFD3C8D513_2","15_TEXT"
"TEXT_24_C669B6D2463B2D1232AD4DBFD3C8D513_3","「嗯……烦躁的心情倒是平复了些。\n也多亏了梅兹陪我聊了那么多」"
"",""
"",""
"",""
"",""
"",""
"",""
"",""
"",""
"TEXT_24_C669B6D2463B2D1232AD4DBFD3C8D513_1","Main2261"
"TEXT_24_C669B6D2463B2D1232AD4DBFD3C8D513_2","16_TEXT"
"TEXT_24_C669B6D2463B2D1232AD4DBFD3C8D513_3","「哪里……我只是陪您过来走一趟而已」"
"",""
"",""
"",""
"",""
"",""
"",""
"",""
"",""
"TEXT_24_C669B6D2463B2D1232AD4DBFD3C8D513_1","Main2261"
"TEXT_24_C669B6D2463B2D1232AD4DBFD3C8D513_2","17_TEXT"
"TEXT_24_C669B6D2463B2D1232AD4DBFD3C8D513_3","「不，把你带来果然是正确的」"
"",""
"",""
"",""
"",""
"",""
"",""
"",""
"",""
"TEXT_24_C669B6D2463B2D1232AD4DBFD3C8D513_1","Main2261"
"TEXT_24_C669B6D2463B2D1232AD4DBFD3C8D513_2","18_TEXT"
"TEXT_24_C669B6D2463B2D1232AD4DBFD3C8D513_3","「……嗯？8246大人，请等一下。\n前方有反应」"
"",""
"",""
"",""
"",""
"",""
"",""
"",""
"",""
"TEXT_24_C669B6D2463B2D1232AD4DBFD3C8D513_1","Main2261"
"TEXT_24_C669B6D2463B2D1232AD4DBFD3C8D513_2","19_TEXT"
"TEXT_24_C669B6D2463B2D1232AD4DBFD3C8D513_3","「……有什么东西在吗？」"
"",""
"",""
"",""
"",""
"",""
"",""
"",""
"",""
"TEXT_24_C669B6D2463B2D1232AD4DBFD3C8D513_1","Main2261"
"TEXT_24_C669B6D2463B2D1232AD4DBFD3C8D513_2","20_TEXT"
"TEXT_24_C669B6D2463B2D1232AD4DBFD3C8D513_3","「……说话声……好像是人」"
"",""
"",""
"",""
"",""
"",""
"",""
"",""
"",""
"",""
"",""
"",""
"",""
"",""
"",""
"",""
"",""
"",""
"",""
"",""
"",""
"",""
"",""
"",""
"",""
"",""
"",""
"",""
"",""
"",""
"",""
"",""
"",""
"TEXT_24_C669B6D2463B2D1232AD4DBFD3C8D513_1","Main2261"
"TEXT_24_C669B6D2463B2D1232AD4DBFD3C8D513_2","24_TEXT"
"TEXT_24_C669B6D2463B2D1232AD4DBFD3C8D513_3","「……有人在那里吗……？」"
"",""
"",""
"",""
"",""
"",""
"",""
"",""
"",""
"",""
"",""
"",""
"",""
"",""
"",""
"",""
"",""
"",""
"",""
"",""
"",""
"",""
"",""
"",""
"",""
"TEXT_24_C669B6D2463B2D1232AD4DBFD3C8D513_1","Main2261"
"TEXT_24_C669B6D2463B2D1232AD4DBFD3C8D513_2","27_TEXT"
"TEXT_24_C669B6D2463B2D1232AD4DBFD3C8D513_3","「那个声音是……甘田田小姐啊」"
"",""
"",""
"",""
"",""
"",""
"",""
"",""
"",""
"TEXT_24_C669B6D2463B2D1232AD4DBFD3C8D513_1","Main2261"
"TEXT_24_C669B6D2463B2D1232AD4DBFD3C8D513_2","28_TEXT"
"TEXT_24_C669B6D2463B2D1232AD4DBFD3C8D513_3","「没有其他的反应。\n看来就她一个人」"
"",""
"",""
"",""
"",""
"",""
"",""
"",""
"",""
"TEXT_24_C669B6D2463B2D1232AD4DBFD3C8D513_1","Main2261"
"TEXT_24_C669B6D2463B2D1232AD4DBFD3C8D513_2","29_TEXT"
"TEXT_24_C669B6D2463B2D1232AD4DBFD3C8D513_3","「既然是这样，那就不用戒备了。\n喂——甘田田小姐」"
"",""
"",""
"",""
"",""
"",""
"",""
"",""
"",""
"",""
"",""
"",""
"",""
"",""
"",""
"",""
"",""
"TEXT_24_C669B6D2463B2D1232AD4DBFD3C8D513_1","Main2261"
"TEXT_24_C669B6D2463B2D1232AD4DBFD3C8D513_2","31_TEXT"
"TEXT_24_C669B6D2463B2D1232AD4DBFD3C8D513_3","「哎呀～，这还真是，原来是8246先生啊～☆\n在这种地方遇见，真巧呢～」"
"",""
"",""
"",""
"",""
"",""
"",""
"",""
"",""
"TEXT_24_C669B6D2463B2D1232AD4DBFD3C8D513_1","Main2261"
"TEXT_24_C669B6D2463B2D1232AD4DBFD3C8D513_2","32_TEXT"
"TEXT_24_C669B6D2463B2D1232AD4DBFD3C8D513_3","「今晚来这里是做什么呀？来踩点的吗？"
"",""
"",""
"",""
"",""
"",""
"",""
"",""
"",""
"TEXT_24_C669B6D2463B2D1232AD4DBFD3C8D513_1","Main2261"
"TEXT_24_C669B6D2463B2D1232AD4DBFD3C8D513_2","33_TEXT"
"TEXT_24_C669B6D2463B2D1232AD4DBFD3C8D513_3","「差不多吧。顺便也当是运动一下」"
"",""
"",""
"",""
"",""
"",""
"",""
"",""
"",""
"TEXT_24_C669B6D2463B2D1232AD4DBFD3C8D513_1","Main2261"
"TEXT_24_C669B6D2463B2D1232AD4DBFD3C8D513_2","34_TEXT"
"TEXT_24_C669B6D2463B2D1232AD4DBFD3C8D513_3","「哎呀，真卖力呢～☆\n不过，可不要太过勉强自己哦」"
"",""
"",""
"",""
"",""
"",""
"",""
"",""
"",""
"TEXT_24_C669B6D2463B2D1232AD4DBFD3C8D513_1","Main2261"
"TEXT_24_C669B6D2463B2D1232AD4DBFD3C8D513_2","35_TEXT"
"TEXT_24_C669B6D2463B2D1232AD4DBFD3C8D513_3","「嗯，刚才也被陪同的人说过了。\n所以，正想着差不多该回去了呢」"
"",""
"",""
"",""
"",""
"",""
"",""
"",""
"",""
"TEXT_24_C669B6D2463B2D1232AD4DBFD3C8D513_1","Main2261"
"TEXT_24_C669B6D2463B2D1232AD4DBFD3C8D513_2","36_TEXT"
"TEXT_24_C669B6D2463B2D1232AD4DBFD3C8D513_3","「…………」"
"",""
"",""
"",""
"",""
"",""
"",""
"",""
"",""
"TEXT_24_C669B6D2463B2D1232AD4DBFD3C8D513_1","Main2261"
"TEXT_24_C669B6D2463B2D1232AD4DBFD3C8D513_2","37_TEXT"
"TEXT_24_C669B6D2463B2D1232AD4DBFD3C8D513_3","「怎么了吗？我脸上沾了什么东西吗？」"
"",""
"",""
"",""
"",""
"",""
"",""
"",""
"",""
"TEXT_24_C669B6D2463B2D1232AD4DBFD3C8D513_1","Main2261"
"TEXT_24_C669B6D2463B2D1232AD4DBFD3C8D513_2","38_TEXT"
"TEXT_24_C669B6D2463B2D1232AD4DBFD3C8D513_3","「总觉得你脸上写满了烦恼～☆」"
"",""
"",""
"",""
"",""
"",""
"",""
"",""
"",""
"TEXT_24_C669B6D2463B2D1232AD4DBFD3C8D513_1","Main2261"
"TEXT_24_C669B6D2463B2D1232AD4DBFD3C8D513_2","39_TEXT"
"TEXT_24_C669B6D2463B2D1232AD4DBFD3C8D513_3","「……烦恼啊……糟了，被你看穿了呀」"
"",""
"",""
"",""
"",""
"",""
"",""
"",""
"",""
"TEXT_24_C669B6D2463B2D1232AD4DBFD3C8D513_1","Main2261"
"TEXT_24_C669B6D2463B2D1232AD4DBFD3C8D513_2","40_TEXT"
"TEXT_24_C669B6D2463B2D1232AD4DBFD3C8D513_3","「要是不介意的话，可以跟我聊聊哦～？」"
"",""
"",""
"",""
"",""
"",""
"",""
"",""
"",""
"TEXT_24_C669B6D2463B2D1232AD4DBFD3C8D513_1","Main2261"
"TEXT_24_C669B6D2463B2D1232AD4DBFD3C8D513_2","41_TEXT"
"TEXT_24_C669B6D2463B2D1232AD4DBFD3C8D513_3","「……也对……那就问一件事吧」"
"",""
"",""
"",""
"",""
"",""
"",""
"",""
"",""
"TEXT_24_C669B6D2463B2D1232AD4DBFD3C8D513_1","Main2261"
"TEXT_24_C669B6D2463B2D1232AD4DBFD3C8D513_2","42_TEXT"
"TEXT_24_C669B6D2463B2D1232AD4DBFD3C8D513_3","「什么事呀？」"
"",""
"",""
"",""
"",""
"",""
"",""
"",""
"",""
"TEXT_24_C669B6D2463B2D1232AD4DBFD3C8D513_1","Main2261"
"TEXT_24_C669B6D2463B2D1232AD4DBFD3C8D513_2","43_TEXT"
"TEXT_24_C669B6D2463B2D1232AD4DBFD3C8D513_3","「甘田田小姐，当你对某些事情特别想不通的时候……\n会怎么办？」"
"",""
"",""
"",""
"",""
"",""
"",""
"",""
"",""
"TEXT_24_C669B6D2463B2D1232AD4DBFD3C8D513_1","Main2261"
"TEXT_24_C669B6D2463B2D1232AD4DBFD3C8D513_2","44_TEXT"
"TEXT_24_C669B6D2463B2D1232AD4DBFD3C8D513_3","「嗯——虽然这问题有点让人摸不着头脑……\n不过要是我，就会干脆去把它弄个明白」"
"",""
"",""
"",""
"",""
"",""
"",""
"",""
"",""
"TEXT_24_C669B6D2463B2D1232AD4DBFD3C8D513_1","Main2261"
"TEXT_24_C669B6D2463B2D1232AD4DBFD3C8D513_2","45_TEXT"
"TEXT_24_C669B6D2463B2D1232AD4DBFD3C8D513_3","「诶，可是……你不会觉得那样太自作主张吗？」"
"",""
"",""
"",""
"",""
"",""
"",""
"",""
"",""
"TEXT_24_C669B6D2463B2D1232AD4DBFD3C8D513_1","Main2261"
"TEXT_24_C669B6D2463B2D1232AD4DBFD3C8D513_2","46_TEXT"
"TEXT_24_C669B6D2463B2D1232AD4DBFD3C8D513_3","「与其心里一直不舒服，不如痛痛快快地解决掉嘛」"
"",""
"",""
"",""
"",""
"",""
"",""
"",""
"",""
"TEXT_24_C669B6D2463B2D1232AD4DBFD3C8D513_1","Main2261"
"TEXT_24_C669B6D2463B2D1232AD4DBFD3C8D513_2","47_TEXT"
"TEXT_24_C669B6D2463B2D1232AD4DBFD3C8D513_3","「再说了，以后的事情以后再想不是更好吗？」"
"",""
"",""
"",""
"",""
"",""
"",""
"",""
"",""
"TEXT_24_C669B6D2463B2D1232AD4DBFD3C8D513_1","Main2261"
"TEXT_24_C669B6D2463B2D1232AD4DBFD3C8D513_2","48_TEXT"
"TEXT_24_C669B6D2463B2D1232AD4DBFD3C8D513_3","「这有点像拖延问题啊……」"
"",""
"",""
"",""
"",""
"",""
"",""
"",""
"",""
"TEXT_24_C669B6D2463B2D1232AD4DBFD3C8D513_1","Main2261"
"TEXT_24_C669B6D2463B2D1232AD4DBFD3C8D513_2","49_TEXT"
"TEXT_24_C669B6D2463B2D1232AD4DBFD3C8D513_3","「也许吧，但最后总会有办法的啦☆\n真出了什么事，到时候再说！」"
"",""
"",""
"",""
"",""
"",""
"",""
"",""
"",""
"TEXT_24_C669B6D2463B2D1232AD4DBFD3C8D513_1","Main2261"
"TEXT_24_C669B6D2463B2D1232AD4DBFD3C8D513_2","50_TEXT"
"TEXT_24_C669B6D2463B2D1232AD4DBFD3C8D513_3","「嗯……总会有办法的……啊。\n某种意义上，这倒是真理……」"
"",""
"",""
"",""
"",""
"",""
"",""
"",""
"",""
"TEXT_24_C669B6D2463B2D1232AD4DBFD3C8D513_1","Main2261"
"TEXT_24_C669B6D2463B2D1232AD4DBFD3C8D513_2","51_TEXT"
"TEXT_24_C669B6D2463B2D1232AD4DBFD3C8D513_3","「你会这么问的话……\n该不会对三亢那边意见挺大的吧？」"
"",""
"",""
"",""
"",""
"",""
"",""
"",""
"",""
"TEXT_24_C669B6D2463B2D1232AD4DBFD3C8D513_1","Main2261"
"TEXT_24_C669B6D2463B2D1232AD4DBFD3C8D513_2","52_TEXT"
"TEXT_24_C669B6D2463B2D1232AD4DBFD3C8D513_3","「不、不……哪有这回事……！」"
"",""
"",""
"",""
"",""
"",""
"",""
"",""
"",""
"TEXT_24_C669B6D2463B2D1232AD4DBFD3C8D513_1","Main2261"
"TEXT_24_C669B6D2463B2D1232AD4DBFD3C8D513_2","53_TEXT"
"TEXT_24_C669B6D2463B2D1232AD4DBFD3C8D513_3","「……算了，藏着掖着也没用。\n嗯，不止是三亢，我其实在好多事情上\n都有点发愁」"
"",""
"",""
"",""
"",""
"",""
"",""
"",""
"",""
"TEXT_24_C669B6D2463B2D1232AD4DBFD3C8D513_1","Main2261"
"TEXT_24_C669B6D2463B2D1232AD4DBFD3C8D513_2","54_TEXT"
"TEXT_24_C669B6D2463B2D1232AD4DBFD3C8D513_3","「啊呀，那刚才跟你说『直接上吧』看来是\n太草率了～？」"
"",""
"",""
"",""
"",""
"",""
"",""
"",""
"",""
"TEXT_24_C669B6D2463B2D1232AD4DBFD3C8D513_1","Main2261"
"TEXT_24_C669B6D2463B2D1232AD4DBFD3C8D513_2","55_TEXT"
"TEXT_24_C669B6D2463B2D1232AD4DBFD3C8D513_3","「没有没有，确实有不少说得很在理的地方」"
"",""
"",""
"",""
"",""
"",""
"",""
"",""
"",""
"TEXT_24_C669B6D2463B2D1232AD4DBFD3C8D513_1","Main2261"
"TEXT_24_C669B6D2463B2D1232AD4DBFD3C8D513_2","56_TEXT"
"TEXT_24_C669B6D2463B2D1232AD4DBFD3C8D513_3","「呵呵，那就好☆」"
"",""
"",""
"",""
"",""
"",""
"",""
"",""
"",""
"TEXT_24_C669B6D2463B2D1232AD4DBFD3C8D513_1","Main2261"
"TEXT_24_C669B6D2463B2D1232AD4DBFD3C8D513_2","57_TEXT"
"TEXT_24_C669B6D2463B2D1232AD4DBFD3C8D513_3","「……话说回来，我这样大言不惭地讲了一大堆，\n到头来自己在那种时候\n反倒很容易随波逐流呢」"
"",""
"",""
"",""
"",""
"",""
"",""
"",""
"",""
"TEXT_24_C669B6D2463B2D1232AD4DBFD3C8D513_1","Main2261"
"TEXT_24_C669B6D2463B2D1232AD4DBFD3C8D513_2","58_TEXT"
"TEXT_24_C669B6D2463B2D1232AD4DBFD3C8D513_3","「咦——……是这样吗？」"
"",""
"",""
"",""
"",""
"",""
"",""
"",""
"",""
"TEXT_24_C669B6D2463B2D1232AD4DBFD3C8D513_1","Main2261"
"TEXT_24_C669B6D2463B2D1232AD4DBFD3C8D513_2","59_TEXT"
"TEXT_24_C669B6D2463B2D1232AD4DBFD3C8D513_3","「呵呵呵，我可是个挺柔弱的女孩子哦☆\n得靠某个温柔的人来支撑才行……」"
"",""
"",""
"",""
"",""
"",""
"",""
"",""
"",""
"TEXT_24_C669B6D2463B2D1232AD4DBFD3C8D513_1","Main2261"
"TEXT_24_C669B6D2463B2D1232AD4DBFD3C8D513_2","60_TEXT"
"TEXT_24_C669B6D2463B2D1232AD4DBFD3C8D513_3","「……对了，8246的话说不定挺合适的」"
"",""
"",""
"",""
"",""
"",""
"",""
"",""
"",""
"TEXT_24_C669B6D2463B2D1232AD4DBFD3C8D513_1","Main2261"
"TEXT_24_C669B6D2463B2D1232AD4DBFD3C8D513_2","61_TEXT"
"TEXT_24_C669B6D2463B2D1232AD4DBFD3C8D513_3","「诶诶，我、我吗……不不不！」"
"",""
"",""
"",""
"",""
"",""
"",""
"",""
"",""
"TEXT_24_C669B6D2463B2D1232AD4DBFD3C8D513_1","Main2261"
"TEXT_24_C669B6D2463B2D1232AD4DBFD3C8D513_2","62_TEXT"
"TEXT_24_C669B6D2463B2D1232AD4DBFD3C8D513_3","「开玩笑的啦♪　噗，当然是逗你的☆」"
"",""
"",""
"",""
"",""
"",""
"",""
"",""
"",""
"TEXT_24_C669B6D2463B2D1232AD4DBFD3C8D513_1","Main2261"
"TEXT_24_C669B6D2463B2D1232AD4DBFD3C8D513_2","63_TEXT"
"TEXT_24_C669B6D2463B2D1232AD4DBFD3C8D513_3","「原来是玩笑啊……哈哈哈，我就说嘛」"
"",""
"",""
"",""
"",""
"",""
"",""
"",""
"",""
"TEXT_24_C669B6D2463B2D1232AD4DBFD3C8D513_1","Main2261"
"TEXT_24_C669B6D2463B2D1232AD4DBFD3C8D513_2","64_TEXT"
"TEXT_24_C669B6D2463B2D1232AD4DBFD3C8D513_3","「那我们差不多该回去了。\n甘田田小姐，你要是一个人的话，要不要我们送你？」"
"",""
"",""
"",""
"",""
"",""
"",""
"",""
"",""
"TEXT_24_C669B6D2463B2D1232AD4DBFD3C8D513_1","Main2261"
"TEXT_24_C669B6D2463B2D1232AD4DBFD3C8D513_2","65_TEXT"
"TEXT_24_C669B6D2463B2D1232AD4DBFD3C8D513_3","「不用啦，我……平时那些部下会来接我的」"
"",""
"",""
"",""
"",""
"",""
"",""
"",""
"",""
"TEXT_24_C669B6D2463B2D1232AD4DBFD3C8D513_1","Main2261"
"TEXT_24_C669B6D2463B2D1232AD4DBFD3C8D513_2","66_TEXT"
"TEXT_24_C669B6D2463B2D1232AD4DBFD3C8D513_3","「这样啊，那就先告辞了」"
"",""
"",""
"",""
"",""
"",""
"",""
"",""
"",""
"",""
"",""
"",""
"",""
"",""
"",""
"",""
"",""
"",""
"",""
"",""
"",""
"",""
"",""
"",""
"",""
"",""
"",""
"",""
"",""
"",""
"",""
"",""
"",""
"TEXT_24_C669B6D2463B2D1232AD4DBFD3C8D513_1","Main2261"
"TEXT_24_C669B6D2463B2D1232AD4DBFD3C8D513_2","70_TEXT"
"TEXT_24_C669B6D2463B2D1232AD4DBFD3C8D513_3","「…………」"
"",""
"",""
"",""
"",""
"",""
"",""
"",""
"",""
"TEXT_24_C669B6D2463B2D1232AD4DBFD3C8D513_1","Main2261"
"TEXT_24_C669B6D2463B2D1232AD4DBFD3C8D513_2","71_TEXT"
"TEXT_24_C669B6D2463B2D1232AD4DBFD3C8D513_3","（呼……『去给不安定分子煽风点火』\n虽然命令是这么下的……）"
"",""
"",""
"",""
"",""
"",""
"",""
"",""
"",""
"TEXT_24_C669B6D2463B2D1232AD4DBFD3C8D513_1","Main2261"
"TEXT_24_C669B6D2463B2D1232AD4DBFD3C8D513_2","72_TEXT"
"TEXT_24_C669B6D2463B2D1232AD4DBFD3C8D513_3","（现在三亢那边人人都压着不满，\n哪还用特意去煽，自己就会烧起来的吧……）"
"",""
"",""
"",""
"",""
"",""
"",""
"",""
"",""
"TEXT_24_C669B6D2463B2D1232AD4DBFD3C8D513_1","Main2261"
"TEXT_24_C669B6D2463B2D1232AD4DBFD3C8D513_2","73_TEXT"
"TEXT_24_C669B6D2463B2D1232AD4DBFD3C8D513_3","（我自己也一样不满啊……\n刚才那番推波助澜的话，也算是我的一点真心话吧……）"
